{"count": {"urban_land": 194, "agriculture_land": 227, "rangeland": 172, "forest_land": 64, "water": 145, "barren_land": 142, "unknown": 52}, "percentage": {"urban_land": 0.766798418972332, "agriculture_land": 0.8972332015810277, "rangeland": 0.6798418972332015, "forest_land": 0.25296442687747034, "water": 0.5731225296442688, "barren_land": 0.5612648221343873, "unknown": 0.20553359683794467}, "total_count": 996, "avg_classes_present": 3.9367588932806328}