{"count": {"urban_land": 2244, "agriculture_land": 6772, "rangeland": 2166, "forest_land": 1362, "water": 957, "barren_land": 1391, "unknown": 73}, "percentage": {"urban_land": 0.23285254747328007, "agriculture_land": 0.702708311715264, "rangeland": 0.2247587423472035, "forest_land": 0.14133028950918336, "water": 0.0993047628930165, "barren_land": 0.14433952474836567, "unknown": 0.007574971464148594}, "total_count": 14965, "avg_classes_present": 1.552869150150462}